Source,Date,MJD,Fit Coeff.,Log Fit,Defect,Frequency [GHz],Flux Density [Jy],Flux Density Error [Jy],Spectral Index,Closure Phase
1749-101,2022-Dec-09,59922.0,"5.192E-01,-9.406E-01",Y,189.7%,38.0,0.108,0.019,-0.941,0.8° ± 28.2°
1749-101,2022-Dec-09,59922.0,"5.192E-01,-9.406E-01",Y,189.7%,40.0,0.103,0.019,-0.941,3.8° ± 47.5°
1749-101,2022-Nov-20,59903.0,"-1.766E-01,-4.398E-01",Y,96.9%,38.0,0.134,0.015,-0.44,2.9° ± 11.8°
1749-101,2022-Nov-20,59903.0,"-1.766E-01,-4.398E-01",Y,96.9%,40.0,0.131,0.015,-0.44,2.9° ± 21.9°
1749-101,2022-Oct-14,59866.0,"-2.410E-01,-3.743E-01",Y,50.3%,38.0,0.147,0.01,-0.374,0.1° ± 4°
1749-101,2022-Oct-14,59866.0,"-2.410E-01,-3.743E-01",Y,50.3%,40.0,0.144,0.01,-0.374,-0.2° ± 5.2°
1749-101,2022-Oct-08,59860.0,"7.442E-01,-9.958E-01",Y,90.2%,38.0,0.148,0.013,-0.996,1.9° ± 7.6°
1749-101,2022-Oct-08,59860.0,"7.442E-01,-9.958E-01",Y,90.2%,40.0,0.141,0.013,-0.996,2.7° ± 12.9°
1749-101,2023-Jan-03,59947.0,"-7.688E-01,-4.056E-03",Y,51.8%,16.7,0.168,0.013,-0.004,3.2° ± 4.1°
1749-101,2023-Jan-03,59947.0,"-7.688E-01,-4.056E-03",Y,51.8%,21.2,0.168,0.013,-0.004,3° ± 10.8°
1749-101,2022-Dec-09,59922.0,"-3.202E-01,-2.881E-01,-7.537E-02",Y,6.1%,5.5,0.266,0.004,-0.4,2.7° ± 3.3°
1749-101,2022-Dec-09,59922.0,"-3.202E-01,-2.881E-01,-7.537E-02",Y,6.1%,9.0,0.217,0.004,-0.432,3.3° ± 4°
1749-101,2022-Oct-14,59866.0,"5.483E-02,-1.329E+00,7.229E-01",Y,3.1%,5.5,0.293,0.006,-0.259,-0.1° ± 0.7°
1749-101,2022-Oct-14,59866.0,"5.483E-02,-1.329E+00,7.229E-01",Y,3.1%,9.0,0.279,0.006,0.051,0.2° ± 0.6°
1749-101,2022-Jun-25,59755.0,"-3.758E-01,8.082E-03,-2.509E-01",Y,2.2%,5.5,0.311,0.004,-0.363,0.1° ± 0.5°
1749-101,2022-Jun-25,59755.0,"-3.758E-01,8.082E-03,-2.509E-01",Y,2.2%,9.0,0.253,0.004,-0.471,0.2° ± 0.8°
1749-101,2022-May-13,59712.0,"-1.968E-01,-3.743E-01,-4.120E-02",Y,1.8%,5.5,0.319,0.004,-0.435,0.6° ± 1.1°
1749-101,2022-May-13,59712.0,"-1.968E-01,-3.743E-01,-4.120E-02",Y,1.8%,9.0,0.256,0.004,-0.453,1° ± 1.6°
1424-418,2014-Jun-23,56831.0,"7.639E-01,8.118E-03",Y,0.9%,95.0,6.025,0.102,0.008,0° ± 0.3°
1424-418,2014-Jun-23,56831.0,"7.639E-01,8.118E-03",Y,0.9%,93.0,6.024,0.102,0.008,0° ± 0.3°
1424-418,2014-Apr-08,56755.0,"-1.093E+00,1.124E+00",Y,2.4%,93.0,13.17,0.282,1.124,0° ± 0.4°
1424-418,2014-Apr-08,56755.0,"-1.093E+00,1.124E+00",Y,2.4%,95.0,13.488,0.282,1.124,0.1° ± 0.4°
1424-418,2012-Jul-19,56127.0,"7.871E-01,-5.511E-02",Y,1.3%,93.0,4.771,0.109,-0.055,0° ± 0.3°
1424-418,2012-Jul-19,56127.0,"7.871E-01,-5.511E-02",Y,1.3%,95.0,4.765,0.109,-0.055,-0.1° ± 0.4°
1424-418,2005-May-26,53516.0,"3.079E+00,-1.398E+00",Y,1.5%,93.504,2.108,0.016,-1.398,0.1° ± 4°
1424-418,2005-May-26,53516.0,"3.079E+00,-1.398E+00",Y,1.5%,95.552,2.045,0.016,-1.398,0.3° ± 4.6°
1424-418,2004-May-02,53127.0,"-1.844E+00,1.154E+00",Y,3.2%,89.0005,2.544,0.034,1.154,-0.7° ± 5.9°
1424-418,2004-May-02,53127.0,"-1.844E+00,1.154E+00",Y,3.2%,90.0005,2.577,0.034,1.154,0.3° ± 3.7°
1424-418,2023-Jan-03,59947.0,"9.628E-02,4.756E-01",Y,0%,38.0,7.041,0.023,0.476,0.1° ± 0.2°
1424-418,2023-Jan-03,59947.0,"9.628E-02,4.756E-01",Y,0%,40.0,7.215,0.023,0.476,0.1° ± 0.2°
1424-418,2022-Nov-20,59903.0,"5.287E-01,2.070E-01",Y,0%,38.0,7.173,0.02,0.207,0.2° ± 0.3°
1424-418,2022-Nov-20,59903.0,"5.287E-01,2.070E-01",Y,0%,40.0,7.25,0.02,0.207,0.1° ± 0.3°
1424-418,2022-Nov-10,59893.0,"1.289E+00,-3.568E-01",Y,0.1%,33.0,5.587,0.097,-0.357,0° ± 0.1°
1424-418,2022-Nov-10,59893.0,"1.289E+00,-3.568E-01",Y,0.1%,35.0,5.471,0.097,-0.357,0° ± 0.1°
1424-418,2022-Oct-24,59876.0,"6.153E-01,1.008E-01",Y,0.2%,40.0,5.981,0.161,0.101,0.1° ± 0.1°
1424-418,2022-Oct-24,59876.0,"6.153E-01,1.008E-01",Y,0.2%,38.0,5.95,0.161,0.101,0.1° ± 0.1°
1424-418,2022-Oct-14,59866.0,"1.188E+00,-2.900E-01",Y,0.1%,38.0,5.369,0.083,-0.29,0° ± 0.4°
1424-418,2022-Oct-14,59866.0,"1.188E+00,-2.900E-01",Y,0.1%,40.0,5.289,0.083,-0.29,0° ± 0.5°
1424-418,2022-Oct-08,59860.0,"1.552E+00,-4.910E-01",Y,0.2%,38.0,5.975,0.126,-0.491,0.3° ± 0.4°
1424-418,2022-Oct-08,59860.0,"1.552E+00,-4.910E-01",Y,0.2%,40.0,5.826,0.126,-0.491,0.3° ± 0.4°
1424-418,2022-Aug-27,59818.0,"8.883E-01,-1.102E-01",Y,0%,38.0,5.179,0.028,-0.11,0.2° ± 0.3°
1424-418,2022-Aug-27,59818.0,"8.883E-01,-1.102E-01",Y,0%,40.0,5.149,0.028,-0.11,0.2° ± 0.2°
1424-418,2022-Jun-25,59755.0,"1.096E+00,-3.114E-01",Y,0.1%,38.0,4.018,0.017,-0.311,0.1° ± 0.1°
1424-418,2022-Jun-25,59755.0,"1.096E+00,-3.114E-01",Y,0.1%,40.0,3.955,0.017,-0.311,0.1° ± 0.1°
1424-418,2022-May-28,59727.0,"6.188E-01,-1.997E-02",Y,0.1%,40.0,3.862,0.02,-0.02,0° ± 0.1°
1424-418,2022-May-28,59727.0,"6.188E-01,-1.997E-02",Y,0.1%,38.0,3.866,0.02,-0.02,0.1° ± 0.1°
1424-418,2022-Apr-29,59698.0,"3.895E-01,1.082E-01",Y,0.1%,33.0,3.579,0.018,0.108,0.4° ± 0.5°
1424-418,2022-Apr-29,59698.0,"3.895E-01,1.082E-01",Y,0.1%,35.0,3.602,0.018,0.108,0.4° ± 0.5°
1424-418,2022-Apr-22,59691.0,"4.608E-01,8.742E-02",Y,0.2%,38.0,3.971,0.017,0.087,0.5° ± 0.6°
1424-418,2022-Apr-22,59691.0,"4.608E-01,8.742E-02",Y,0.2%,40.0,3.989,0.017,0.087,0.5° ± 0.6°
1424-418,2022-Mar-01,59639.0,"1.725E+00,-7.566E-01",Y,0.4%,40.0,3.257,0.115,-0.757,0.5° ± 0.6°
1424-418,2022-Mar-01,59639.0,"1.725E+00,-7.566E-01",Y,0.4%,38.0,3.386,0.115,-0.757,0.4° ± 0.6°
1424-418,2021-Oct-23,59510.0,"1.044E+00,-3.873E-01",Y,0.3%,38.0,2.705,0.042,-0.387,0° ± 0.2°
1424-418,2021-Oct-23,59510.0,"1.044E+00,-3.873E-01",Y,0.3%,40.0,2.652,0.042,-0.387,0° ± 0.3°
1424-418,2021-May-22,59356.0,"4.294E-01,-1.468E-01",Y,0.4%,35.0,1.595,0.015,-0.147,0.7° ± 0.8°
1424-418,2021-May-22,59356.0,"4.294E-01,-1.468E-01",Y,0.4%,33.0,1.609,0.015,-0.147,0.8° ± 0.9°
1424-418,2021-Jan-30,59244.0,"4.873E-01,-1.494E-01",Y,1%,40.0,1.77,0.056,-0.149,0.2° ± 0.5°
1424-418,2021-Jan-30,59244.0,"4.873E-01,-1.494E-01",Y,1%,38.0,1.784,0.056,-0.149,0.2° ± 0.4°
1424-418,2021-Jan-09,59223.0,"7.128E-01,-3.357E-01",Y,0.5%,35.0,1.565,0.027,-0.336,0.6° ± 1.7°
1424-418,2021-Jan-09,59223.0,"7.128E-01,-3.357E-01",Y,0.5%,33.0,1.596,0.027,-0.336,0.7° ± 1.5°
1424-418,2020-Sep-14,59106.0,"8.108E-01,-4.075E-01",Y,0.6%,38.0,1.469,0.022,-0.407,0.7° ± 0.9°
1424-418,2020-Sep-14,59106.0,"8.108E-01,-4.075E-01",Y,0.6%,40.0,1.439,0.022,-0.407,0.6° ± 0.8°
1424-418,2020-Sep-08,59100.0,"1.119E-02,1.059E-01",Y,0.7%,38.0,1.508,0.033,0.106,0.7° ± 0.8°
1424-418,2020-Sep-08,59100.0,"1.119E-02,1.059E-01",Y,0.7%,40.0,1.517,0.033,0.106,0.8° ± 0.9°
1424-418,2016-Apr-12,57490.0,"1.382E+00,-5.443E-01",Y,0.3%,38.0,3.328,0.07,-0.544,0° ± 0.1°
1424-418,2016-Apr-12,57490.0,"1.382E+00,-5.443E-01",Y,0.3%,40.0,3.236,0.07,-0.544,0° ± 0.2°
1424-418,2016-Mar-07,57454.0,"2.976E+00,-1.534E+00",Y,0.1%,38.0,3.57,0.035,-1.534,0.4° ± 0.5°
1424-418,2016-Mar-07,57454.0,"2.976E+00,-1.534E+00",Y,0.1%,40.0,3.299,0.035,-1.534,0.4° ± 0.5°
1424-418,2015-Oct-09,57304.0,"9.909E-01,-2.923E-01",Y,0.1%,33.0,3.524,0.018,-0.292,0.1° ± 0.1°
1424-418,2015-Oct-09,57304.0,"9.909E-01,-2.923E-01",Y,0.1%,35.0,3.464,0.018,-0.292,0.1° ± 0.2°
1424-418,2014-Jul-08,56846.0,"1.471E+00,-4.428E-01",Y,0%,33.0,6.289,0.021,-0.443,0° ± 0.4°
1424-418,2014-Jul-08,56846.0,"1.471E+00,-4.428E-01",Y,0%,35.0,6.128,0.021,-0.443,0.1° ± 0.5°
1424-418,2014-Apr-07,56754.0,"7.744E-01,7.603E-02",Y,0.1%,38.0,7.844,0.056,0.076,0° ± 0.1°
1424-418,2014-Apr-07,56754.0,"7.744E-01,7.603E-02",Y,0.1%,40.0,7.874,0.056,0.076,0° ± 0.1°
1424-418,2013-May-10,56422.0,"-5.545E+00,4.138E+00",Y,0%,38.0,9.821,0.245,4.138,0.1° ± 0.2°
1424-418,2013-May-10,56422.0,"-5.545E+00,4.138E+00",Y,0%,40.0,12.143,0.245,4.138,0° ± 0.3°
1424-418,2012-Aug-26,56165.0,"4.756E-01,1.691E-01",Y,0.1%,38.0,5.53,0.044,0.169,0.2° ± 0.4°
1424-418,2012-Aug-26,56165.0,"4.756E-01,1.691E-01",Y,0.1%,40.0,5.578,0.044,0.169,0.2° ± 0.4°
1424-418,2012-Jul-20,56128.0,"1.403E+00,-4.485E-01",Y,0.1%,38.0,4.948,0.02,-0.449,0° ± 0.1°
1424-418,2012-Jul-20,56128.0,"1.403E+00,-4.485E-01",Y,0.1%,40.0,4.836,0.02,-0.449,0° ± 0.2°
1424-418,2012-Jan-15,55941.0,"-2.900E-02,5.031E-01",Y,0.1%,38.0,5.832,0.037,0.503,0.4° ± 0.4°
1424-418,2012-Jan-15,55941.0,"-2.900E-02,5.031E-01",Y,0.1%,40.0,5.984,0.037,0.503,0.3° ± 0.4°
1424-418,2011-Sep-17,55821.0,"6.778E-01,-6.379E-02",Y,0.1%,35.0,3.796,0.017,-0.064,0° ± 0.1°
1424-418,2011-Sep-17,55821.0,"6.778E-01,-6.379E-02",Y,0.1%,33.0,3.81,0.017,-0.064,0° ± 0.1°
1424-418,2011-Apr-12,55663.0,"3.737E-01,7.620E-02",Y,0.1%,33.0,3.086,0.015,0.076,0.6° ± 0.8°
1424-418,2011-Apr-12,55663.0,"3.737E-01,7.620E-02",Y,0.1%,35.0,3.1,0.015,0.076,0.6° ± 0.8°
1424-418,2010-May-09,55325.0,"1.204E-01,1.775E-01",Y,0.3%,43.0,2.572,0.027,0.177,0.1° ± 0.2°
1424-418,2010-May-09,55325.0,"1.204E-01,1.775E-01",Y,0.3%,45.0,2.593,0.027,0.177,0.1° ± 0.3°
1424-418,2009-Jun-26,55008.0,"-7.920E-01,6.826E-01",Y,0.9%,38.0,1.934,0.023,0.683,0° ± 0.3°
1424-418,2009-Jun-26,55008.0,"-7.920E-01,6.826E-01",Y,0.9%,40.0,2.002,0.023,0.683,0° ± 0.3°
1424-418,2009-Apr-24,54945.0,"-6.596E-01,5.989E-01",Y,0.6%,38.0,1.934,0.019,0.599,0.2° ± 0.4°
1424-418,2009-Apr-24,54945.0,"-6.596E-01,5.989E-01",Y,0.6%,40.0,1.995,0.019,0.599,0.1° ± 0.5°
1424-418,2007-Nov-01,54405.0,"5.380E-01,-1.817E-01",Y,0.1%,38.0,1.782,0.004,-0.182,1.4° ± 2.1°
1424-418,2007-Nov-01,54405.0,"5.380E-01,-1.817E-01",Y,0.1%,40.0,1.766,0.004,-0.182,1.1° ± 2.1°
1424-418,2007-May-14,54234.0,"5.916E-01,-1.503E-01",Y,0%,42.944,2.219,0.004,-0.15,0.1° ± 1°
1424-418,2007-May-14,54234.0,"5.916E-01,-1.503E-01",Y,0%,44.992,2.204,0.004,-0.15,0.1° ± 1°
1424-418,2023-Jan-03,59947.0,"6.782E-01,1.410E-01",Y,0.1%,16.7,7.089,0.088,0.141,0.4° ± 0.5°
1424-418,2023-Jan-03,59947.0,"6.782E-01,1.410E-01",Y,0.1%,21.2,7.332,0.088,0.141,0.3° ± 0.4°
1424-418,2022-Nov-20,59903.0,"5.766E-01,2.150E-01",Y,0%,16.7,6.91,0.058,0.215,0.4° ± 0.6°
1424-418,2022-Nov-20,59903.0,"5.766E-01,2.150E-01",Y,0%,21.2,7.274,0.058,0.215,0.4° ± 0.6°
1424-418,2022-Oct-28,59880.0,"9.729E-01,-1.308E-01",Y,0%,16.7,6.501,0.031,-0.131,0° ± 0.1°
1424-418,2022-Oct-28,59880.0,"9.729E-01,-1.308E-01",Y,0%,21.2,6.301,0.031,-0.131,0° ± 0.1°
1424-418,2022-Oct-24,59876.0,"6.866E-01,8.223E-02",Y,0%,16.7,6.126,0.073,0.082,0° ± 0.1°
1424-418,2022-Oct-24,59876.0,"6.866E-01,8.223E-02",Y,0%,21.2,6.247,0.073,0.082,0.1° ± 0.1°
1424-418,2022-Oct-14,59866.0,"8.872E-01,-6.233E-02",Y,0%,16.7,6.471,0.033,-0.062,0° ± 0.1°
1424-418,2022-Oct-14,59866.0,"8.872E-01,-6.233E-02",Y,0%,21.2,6.376,0.033,-0.062,0° ± 0.1°
1424-418,2022-Oct-08,59860.0,"1.042E+00,-1.885E-01",Y,0%,16.7,6.479,0.047,-0.189,0.5° ± 0.6°
1424-418,2022-Oct-08,59860.0,"1.042E+00,-1.885E-01",Y,0%,21.2,6.194,0.047,-0.189,0.3° ± 0.5°
1424-418,2022-Aug-27,59818.0,"8.643E-01,-8.429E-02",Y,0%,16.7,5.771,0.035,-0.084,0.4° ± 0.7°
1424-418,2022-Aug-27,59818.0,"8.643E-01,-8.429E-02",Y,0%,21.2,5.656,0.035,-0.084,0.5° ± 0.7°
1424-418,2022-Jun-25,59755.0,"8.768E-01,-1.526E-01",Y,0%,16.7,4.9,0.019,-0.153,0° ± 0.1°
1424-418,2022-Jun-25,59755.0,"8.768E-01,-1.526E-01",Y,0%,21.2,4.725,0.019,-0.153,0.1° ± 0.1°
1424-418,2022-May-28,59727.0,"9.538E-01,-2.577E-01",Y,0%,16.7,4.352,0.024,-0.258,0.1° ± 0.1°
1424-418,2022-May-28,59727.0,"9.538E-01,-2.577E-01",Y,0%,21.2,4.093,0.024,-0.258,0.1° ± 0.1°
1424-418,2022-Apr-22,59691.0,"1.858E-01,3.318E-01",Y,0.1%,16.7,3.904,0.067,0.332,0.6° ± 0.7°
1424-418,2022-Apr-22,59691.0,"1.858E-01,3.318E-01",Y,0.1%,21.2,4.226,0.067,0.332,0.4° ± 0.5°
1424-418,2022-Mar-01,59639.0,"6.341E-01,-2.174E-02",Y,0.1%,16.7,4.051,0.042,-0.022,0.9° ± 1°
1424-418,2022-Mar-01,59639.0,"6.341E-01,-2.174E-02",Y,0.1%,21.2,4.03,0.042,-0.022,0.7° ± 0.9°
1424-418,2022-Jan-15,59594.0,"5.798E-01,1.383E-02",Y,0.1%,16.7,3.951,0.024,0.014,0.5° ± 0.6°
1424-418,2022-Jan-15,59594.0,"5.798E-01,1.383E-02",Y,0.1%,21.2,3.964,0.024,0.014,0.4° ± 0.5°
1424-418,2022-Jan-03,59582.0,"1.032E+00,-4.176E-01",Y,0.3%,17.0,3.297,0.055,-0.418,-0.1° ± 3.2°
1424-418,2022-Jan-03,59582.0,"1.032E+00,-4.176E-01",Y,0.3%,19.0,3.148,0.055,-0.418,0° ± 5°
1424-418,2021-Oct-31,59518.0,"6.865E-01,-1.713E-01",Y,0.3%,21.2,2.879,0.047,-0.171,0° ± 0.3°
1424-418,2021-Oct-31,59518.0,"6.865E-01,-1.713E-01",Y,0.3%,16.8,2.996,0.047,-0.171,0.1° ± 0.2°
1424-418,2021-Oct-23,59510.0,"2.958E-01,1.173E-01",Y,0.1%,16.7,2.749,0.013,0.117,0.1° ± 0.2°
1424-418,2021-Oct-23,59510.0,"2.958E-01,1.173E-01",Y,0.1%,21.2,2.827,0.013,0.117,0° ± 0.2°
1424-418,2021-Jan-30,59244.0,"5.504E-01,-2.117E-01",Y,0.4%,16.7,1.957,0.027,-0.212,0.1° ± 0.4°
1424-418,2021-Jan-30,59244.0,"5.504E-01,-2.117E-01",Y,0.4%,21.2,1.86,0.027,-0.212,0.2° ± 0.4°
1424-418,2021-Jan-24,59238.0,"8.571E-01,-4.723E-01",Y,1%,16.8,1.898,0.037,-0.472,0° ± 0.3°
1424-418,2021-Jan-24,59238.0,"8.571E-01,-4.723E-01",Y,1%,21.2,1.701,0.037,-0.472,0° ± 0.5°
1424-418,2020-Sep-14,59106.0,"5.137E-01,-2.221E-01",Y,0.2%,16.7,1.746,0.012,-0.222,0.4° ± 0.6°
1424-418,2020-Sep-14,59106.0,"5.137E-01,-2.221E-01",Y,0.2%,21.2,1.656,0.012,-0.222,0.5° ± 0.8°
1424-418,2020-Sep-08,59100.0,"2.875E-02,1.846E-01",Y,0.4%,16.7,1.797,0.032,0.185,0.6° ± 0.8°
1424-418,2020-Sep-08,59100.0,"2.875E-02,1.846E-01",Y,0.4%,21.2,1.878,0.032,0.185,0.6° ± 0.8°
1424-418,2020-May-15,58984.0,"6.908E-01,-3.059E-01",Y,0.3%,16.8,2.07,0.018,-0.306,0.1° ± 0.3°
1424-418,2020-May-15,58984.0,"6.908E-01,-3.059E-01",Y,0.3%,21.2,1.928,0.018,-0.306,0.1° ± 0.4°
1424-418,2019-Sep-10,58736.0,"6.764E-01,-1.453E-01",Y,0%,17.0,3.145,0.021,-0.145,0.8° ± 1.2°
1424-418,2019-Sep-10,58736.0,"6.764E-01,-1.453E-01",Y,0%,19.0,3.095,0.021,-0.145,0.7° ± 1.2°
1424-418,2018-Oct-18,58409.0,"9.860E-01,-1.985E-01",Y,0%,17.0,5.518,0.036,-0.199,0.7° ± 0.8°
1424-418,2018-Oct-18,58409.0,"9.860E-01,-1.985E-01",Y,0%,19.0,5.397,0.036,-0.199,0.6° ± 0.7°
1424-418,2018-Mar-06,58183.0,"1.252E+00,-4.006E-01",Y,0.1%,17.0,5.742,0.038,-0.401,0° ± 0.1°
1424-418,2018-Mar-06,58183.0,"1.252E+00,-4.006E-01",Y,0.1%,19.0,5.492,0.038,-0.401,0° ± 0.1°
1424-418,2017-May-07,57880.0,"7.993E-01,-8.344E-02",Y,0%,17.0,4.973,0.013,-0.083,0.7° ± 0.8°
1424-418,2017-May-07,57880.0,"7.993E-01,-8.344E-02",Y,0%,19.0,4.927,0.013,-0.083,0.7° ± 0.7°
1424-418,2016-Oct-15,57676.0,"7.969E-01,-1.740E-01",Y,0%,17.0,3.827,0.015,-0.174,0° ± 0.1°
1424-418,2016-Oct-15,57676.0,"7.969E-01,-1.740E-01",Y,0%,19.0,3.753,0.015,-0.174,0° ± 0.1°
1424-418,2016-Aug-17,57617.0,"7.811E-01,-1.584E-01",Y,0%,17.0,3.857,0.014,-0.158,0.6° ± 1°
1424-418,2016-Aug-17,57617.0,"7.811E-01,-1.584E-01",Y,0%,19.0,3.789,0.014,-0.158,0.7° ± 1°
1424-418,2016-May-02,57510.0,"7.427E-01,-7.962E-02",Y,0%,17.0,4.413,0.023,-0.08,0.7° ± 1.1°
1424-418,2016-May-02,57510.0,"7.427E-01,-7.962E-02",Y,0%,19.0,4.374,0.023,-0.08,0.7° ± 1.1°
1424-418,2015-Oct-03,57298.0,"7.878E-01,-1.439E-01",Y,0%,17.0,4.081,0.016,-0.144,0° ± 0.1°
1424-418,2015-Oct-03,57298.0,"7.878E-01,-1.439E-01",Y,0%,19.0,4.016,0.016,-0.144,0° ± 0.1°
1424-418,2014-Aug-20,56889.0,"1.072E+00,-1.784E-01",Y,0%,17.0,7.12,0.026,-0.178,0.4° ± 0.6°
1424-418,2014-Aug-20,56889.0,"1.072E+00,-1.784E-01",Y,0%,19.0,6.98,0.026,-0.178,0.4° ± 0.6°
1424-418,2014-Apr-22,56769.0,"8.945E-01,2.249E-02",Y,0%,17.0,8.359,0.074,0.022,0.4° ± 0.5°
1424-418,2014-Apr-22,56769.0,"8.945E-01,2.249E-02",Y,0%,19.0,8.38,0.074,0.022,0.4° ± 0.5°
1424-418,2014-Apr-07,56754.0,"1.149E+00,-1.815E-01",Y,0%,17.0,8.427,0.039,-0.181,0° ± 0°
1424-418,2014-Apr-07,56754.0,"1.149E+00,-1.815E-01",Y,0%,19.0,8.259,0.039,-0.181,0° ± 0.1°
1424-418,2014-Jan-18,56675.0,"1.020E+00,-1.210E-01",Y,0%,17.0,7.432,0.026,-0.121,0.3° ± 0.4°
1424-418,2014-Jan-18,56675.0,"1.020E+00,-1.210E-01",Y,0%,19.0,7.333,0.026,-0.121,0.3° ± 0.4°
1424-418,2013-Oct-03,56568.0,"1.022E+00,-1.104E-01",Y,0%,17.0,7.694,0.028,-0.11,0° ± 0.1°
1424-418,2013-Oct-03,56568.0,"1.022E+00,-1.104E-01",Y,0%,19.0,7.6,0.028,-0.11,0° ± 0.1°
1424-418,2013-May-10,56422.0,"1.029E+00,-5.280E-02",Y,0%,17.0,9.205,0.048,-0.053,0.3° ± 0.4°
1424-418,2013-May-10,56422.0,"1.029E+00,-5.280E-02",Y,0%,19.0,9.151,0.048,-0.053,0.3° ± 0.4°
1424-418,2013-Apr-16,56398.0,"1.159E+00,-1.489E-01",Y,0%,17.0,9.458,0.059,-0.149,0.3° ± 0.6°
1424-418,2013-Apr-16,56398.0,"1.159E+00,-1.489E-01",Y,0%,19.0,9.302,0.059,-0.149,0.3° ± 0.6°
1424-418,2013-Jan-08,56300.0,"9.113E-01,1.010E-02",Y,0%,17.0,8.389,0.167,0.01,0.1° ± 0.1°
1424-418,2013-Jan-08,56300.0,"9.113E-01,1.010E-02",Y,0%,21.0,8.407,0.167,0.01,0° ± 0.1°
1424-418,2012-Nov-03,56234.0,"8.901E-01,-4.678E-02",Y,0.5%,17.0,6.8,0.043,-0.047,0° ± 0.1°
1424-418,2012-Nov-03,56234.0,"8.901E-01,-4.678E-02",Y,0.5%,19.0,6.765,0.043,-0.047,0.1° ± 0.1°
1424-418,2012-Nov-01,56232.0,"6.520E-01,1.289E-01",Y,0%,17.0,6.466,0.038,0.129,0.1° ± 0.1°
1424-418,2012-Nov-01,56232.0,"6.520E-01,1.289E-01",Y,0%,19.0,6.559,0.038,0.129,0.2° ± 0.3°
1424-418,2012-Aug-26,56165.0,"6.708E-01,5.448E-02",Y,0%,17.0,5.468,0.02,0.054,0.6° ± 0.9°
1424-418,2012-Aug-26,56165.0,"6.708E-01,5.448E-02",Y,0%,19.0,5.501,0.02,0.054,0.5° ± 0.7°
1424-418,2012-Jul-20,56128.0,"7.804E-01,-5.031E-02",Y,0%,17.0,5.23,0.019,-0.05,0° ± 0.1°
1424-418,2012-Jul-20,56128.0,"7.804E-01,-5.031E-02",Y,0%,19.0,5.201,0.019,-0.05,0° ± 0.1°
1424-418,2012-Jun-15,56093.0,"4.245E-01,1.984E-01",Y,0%,17.0,4.663,0.034,0.198,0.9° ± 1.1°
1424-418,2012-Jun-15,56093.0,"4.245E-01,1.984E-01",Y,0%,19.0,4.767,0.034,0.198,0.5° ± 0.8°
1424-418,2012-Feb-13,55970.0,"3.862E-01,2.341E-01",Y,0%,17.0,4.723,0.032,0.234,0.1° ± 0.1°
1424-418,2012-Feb-13,55970.0,"3.862E-01,2.341E-01",Y,0%,19.0,4.848,0.032,0.234,0.3° ± 0.4°
1424-418,2012-Jan-15,55941.0,"1.473E-01,3.643E-01",Y,0%,19.0,4.103,0.027,0.364,0.8° ± 0.8°
1424-418,2012-Jan-15,55941.0,"1.473E-01,3.643E-01",Y,0%,17.0,3.941,0.027,0.364,0.7° ± 0.7°
1424-418,2011-Oct-14,55848.0,"3.954E-01,1.279E-01",Y,0%,17.0,3.571,0.014,0.128,0° ± 0.1°
1424-418,2011-Oct-14,55848.0,"3.954E-01,1.279E-01",Y,0%,19.0,3.622,0.014,0.128,0° ± 0.1°
1424-418,2011-May-17,55698.0,"3.985E-01,-2.721E-03",Y,0%,17.0,2.484,0.01,-0.003,0.5° ± 0.6°
1424-418,2011-May-17,55698.0,"3.985E-01,-2.721E-03",Y,0%,19.0,2.483,0.01,-0.003,0.6° ± 0.7°
1424-418,2009-Jun-26,55008.0,"-8.767E-02,2.204E-01",Y,0.2%,17.0,1.526,0.021,0.22,0° ± 0.3°
1424-418,2009-Jun-26,55008.0,"-8.767E-02,2.204E-01",Y,0.2%,19.0,1.564,0.021,0.22,0° ± 0.2°
1424-418,2009-Jun-25,55007.0,"3.800E-01,-1.623E-01",Y,0.2%,17.0,1.515,0.013,-0.162,0° ± 0.2°
1424-418,2009-Jun-25,55007.0,"3.800E-01,-1.623E-01",Y,0.2%,19.0,1.488,0.013,-0.162,0° ± 0.2°
1424-418,2009-May-18,54969.0,"5.856E-01,-3.523E-01",Y,1.6%,17.0,1.419,0.023,-0.352,0.2° ± 0.5°
1424-418,2009-May-18,54969.0,"5.856E-01,-3.523E-01",Y,1.6%,19.0,1.365,0.023,-0.352,0.2° ± 0.6°
1424-418,2009-Apr-24,54945.0,"3.616E-01,-1.328E-01",Y,0.1%,17.0,1.578,0.012,-0.133,0.1° ± 0.2°
1424-418,2009-Apr-24,54945.0,"3.616E-01,-1.328E-01",Y,0.1%,19.0,1.555,0.012,-0.133,0.1° ± 0.3°
1424-418,2008-Dec-16,54816.0,"6.408E-01,-3.382E-01",Y,0%,17.0,1.677,0.003,-0.338,0.8° ± 1.3°
1424-418,2008-Dec-16,54816.0,"6.408E-01,-3.382E-01",Y,0%,19.0,1.616,0.003,-0.338,0.7° ± 1.2°
1424-418,2008-Mar-14,54539.0,"6.608E-01,-2.819E-01",Y,0%,17.0,2.06,0.007,-0.282,0.8° ± 1.3°
1424-418,2008-Mar-14,54539.0,"6.608E-01,-2.819E-01",Y,0%,19.0,1.997,0.007,-0.282,0.7° ± 1.2°
1424-418,2008-Jan-11,54476.0,"1.990E+00,-1.364E+00",Y,0.1%,17.0,2.05,0.007,-1.364,1.7° ± 2.3°
1424-418,2008-Jan-11,54476.0,"1.990E+00,-1.364E+00",Y,0.1%,19.0,1.761,0.007,-1.364,1.6° ± 2.3°
1424-418,2007-Nov-01,54405.0,"4.542E-01,-1.056E-01",Y,0%,17.0,2.11,0.007,-0.106,0.8° ± 1.3°
1424-418,2007-Nov-01,54405.0,"4.542E-01,-1.056E-01",Y,0%,19.0,2.085,0.007,-0.106,0.6° ± 1.1°
1424-418,2007-Aug-08,54320.0,"6.479E-01,-2.252E-01",Y,0%,18.496,2.304,0.005,-0.225,0.5° ± 0.8°
1424-418,2007-Aug-08,54320.0,"6.479E-01,-2.252E-01",Y,0%,19.52,2.277,0.005,-0.225,0.5° ± 0.7°
1424-418,2005-Jul-18,53569.0,"9.136E-01,-3.228E-01",Y,0%,18.496,3.196,0.007,-0.323,0° ± 0.3°
1424-418,2005-Jul-18,53569.0,"9.136E-01,-3.228E-01",Y,0%,19.52,3.141,0.007,-0.323,0° ± 0.3°
1424-418,2005-Jun-15,53536.0,"8.096E-01,-2.477E-01",Y,0%,18.496,3.131,0.009,-0.248,0.7° ± 1.3°
1424-418,2005-Jun-15,53536.0,"8.096E-01,-2.477E-01",Y,0%,19.52,3.09,0.009,-0.248,0.8° ± 1.3°
1424-418,2005-May-04,53494.0,"9.779E-01,-3.701E-01",Y,0%,18.496,3.228,0.007,-0.37,0.1° ± 0.3°
1424-418,2005-May-04,53494.0,"9.779E-01,-3.701E-01",Y,0%,19.52,3.164,0.007,-0.37,0° ± 0.4°
1424-418,2005-Mar-25,53454.0,"7.017E-01,-1.799E-01",Y,0%,18.496,2.977,0.003,-0.18,1° ± 1.3°
1424-418,2005-Mar-25,53454.0,"7.017E-01,-1.799E-01",Y,0%,19.008,2.962,0.003,-0.18,1° ± 1.4°
1424-418,2023-Jan-17,59961.0,"3.770E-01,7.967E-01,-3.491E-01",Y,0%,5.5,5.963,0.012,0.28,0.4° ± 0.6°
1424-418,2023-Jan-17,59961.0,"3.770E-01,7.967E-01,-3.491E-01",Y,0%,9.0,6.597,0.012,0.13,0.5° ± 0.8°
1424-418,2023-Jan-03,59947.0,"3.998E-01,7.138E-01,-2.733E-01",Y,0%,5.5,6.004,0.022,0.309,0.8° ± 1.2°
1424-418,2023-Jan-03,59947.0,"3.998E-01,7.138E-01,-2.733E-01",Y,0%,9.0,6.793,0.022,0.192,1° ± 1.4°
1424-418,2022-Dec-09,59922.0,"1.835E-01,1.156E+00,-5.184E-01",Y,0%,5.5,5.691,0.019,0.388,0.7° ± 1.1°
1424-418,2022-Dec-09,59922.0,"1.835E-01,1.156E+00,-5.184E-01",Y,0%,9.0,6.525,0.019,0.167,0.9° ± 1.2°
1424-418,2022-Nov-20,59903.0,"-3.613E-02,1.694E+00,-8.365E-01",Y,0%,5.5,5.748,0.036,0.455,1.1° ± 1.6°
1424-418,2022-Nov-20,59903.0,"-3.613E-02,1.694E+00,-8.365E-01",Y,0%,9.0,6.587,0.036,0.098,1.1° ± 1.5°
1424-418,2022-Oct-25,59877.0,"1.141E-02,1.486E+00,-6.969E-01",Y,0%,5.5,5.365,0.023,0.454,0° ± 0.1°
1424-418,2022-Oct-25,59877.0,"1.141E-02,1.486E+00,-6.969E-01",Y,0%,9.0,6.235,0.023,0.156,0° ± 0.1°
1424-418,2022-Oct-24,59876.0,"-1.238E-01,1.833E+00,-8.968E-01",Y,0%,5.5,5.517,0.022,0.505,0° ± 0.3°
1424-418,2022-Oct-24,59876.0,"-1.238E-01,1.833E+00,-8.968E-01",Y,0%,9.0,6.438,0.022,0.121,0.1° ± 0.2°
1424-418,2022-Oct-14,59866.0,"-3.057E-01,2.035E+00,-9.183E-01",Y,0%,5.5,4.984,0.018,0.675,-0.1° ± 0.3°
1424-418,2022-Oct-14,59866.0,"-3.057E-01,2.035E+00,-9.183E-01",Y,0%,9.0,6.31,0.018,0.282,0.1° ± 0.2°
1424-418,2022-Oct-08,59860.0,"-2.122E-01,1.880E+00,-8.626E-01",Y,0%,9.0,6.256,0.021,0.234,1° ± 1.4°
1424-418,2022-Oct-08,59860.0,"-2.122E-01,1.880E+00,-8.626E-01",Y,0%,5.5,5.092,0.021,0.603,1° ± 1.4°
1424-418,2022-Aug-27,59818.0,"1.168E-01,1.135E+00,-4.785E-01",Y,0%,5.5,4.953,0.015,0.426,0.9° ± 1.2°
1424-418,2022-Aug-27,59818.0,"1.168E-01,1.135E+00,-4.785E-01",Y,0%,9.0,5.81,0.015,0.222,1° ± 1.4°
1424-418,2022-Jul-17,59777.0,"-2.409E-01,1.725E+00,-7.883E-01",Y,0%,5.5,4.019,0.013,0.558,0° ± 0.4°
1424-418,2022-Jul-17,59777.0,"-2.409E-01,1.725E+00,-7.883E-01",Y,0%,9.0,4.868,0.013,0.221,0.1° ± 0.3°
1424-418,2022-Jun-25,59755.0,"-6.427E-03,1.186E+00,-4.870E-01",Y,0%,5.5,4.024,0.009,0.465,0.2° ± 0.4°
1424-418,2022-Jun-25,59755.0,"-6.427E-03,1.186E+00,-4.870E-01",Y,0%,9.0,4.807,0.009,0.257,0.1° ± 0.1°
1424-418,2022-May-28,59727.0,"-8.077E-02,9.249E-01,-4.787E-02",Y,0%,5.5,3.782,0.208,0.854,-0.2° ± 0.4°
1424-418,2022-May-28,59727.0,"-8.077E-02,9.249E-01,-4.787E-02",Y,0%,9.0,5.731,0.208,0.834,0.1° ± 0.3°
1424-418,2022-May-13,59712.0,"-2.864E-02,1.175E+00,-5.448E-01",Y,0%,5.5,3.489,0.019,0.368,0.3° ± 0.6°
1424-418,2022-May-13,59712.0,"-2.864E-02,1.175E+00,-5.448E-01",Y,0%,9.0,3.949,0.019,0.135,0.4° ± 0.7°
1424-418,2022-Apr-22,59691.0,"-8.099E-02,1.161E+00,-4.888E-01",Y,0%,5.5,3.241,0.013,0.437,0.7° ± 1.2°
1424-418,2022-Apr-22,59691.0,"-8.099E-02,1.161E+00,-4.888E-01",Y,0%,9.0,3.818,0.013,0.228,1.1° ± 1.6°
1424-418,2022-Mar-01,59639.0,"1.227E-01,6.412E-01,-2.637E-01",Y,0%,5.5,2.837,0.042,0.251,1.9° ± 2.5°
1424-418,2022-Mar-01,59639.0,"1.227E-01,6.412E-01,-2.637E-01",Y,0%,9.0,3.122,0.042,0.138,2.1° ± 2.6°
1424-418,2022-Feb-08,59618.0,"1.109E-01,5.145E-01,-5.391E-02",Y,0%,8.5,3.488,0.015,0.414,0.2° ± 0.3°
1424-418,2022-Feb-08,59618.0,"1.109E-01,5.145E-01,-5.391E-02",Y,0%,5.5,2.899,0.015,0.435,0.5° ± 0.6°
1424-418,2022-Jan-15,59594.0,"2.032E-01,3.226E-01,5.442E-02",Y,0%,5.5,2.964,0.013,0.403,0.6° ± 0.9°
1424-418,2022-Jan-15,59594.0,"2.032E-01,3.226E-01,5.442E-02",Y,0%,9.0,3.636,0.013,0.426,0.8° ± 1.2°
1424-418,2021-Nov-18,59536.0,"2.668E-01,1.804E-02,1.855E-01",Y,0%,5.5,2.409,0.014,0.293,0.5° ± 0.8°
1424-418,2021-Nov-18,59536.0,"2.668E-01,1.804E-02,1.855E-01",Y,0%,8.5,2.778,0.014,0.363,0.6° ± 0.9°
1424-418,2021-Oct-23,59510.0,"5.450E-01,-6.275E-01,4.948E-01",Y,0%,5.5,2.247,0.008,0.105,0.2° ± 0.5°
1424-418,2021-Oct-23,59510.0,"5.450E-01,-6.275E-01,4.948E-01",Y,0%,9.0,2.493,0.008,0.317,0.2° ± 0.4°
1424-418,2021-Oct-08,59495.0,"6.304E-01,-6.485E-01,4.293E-01",Y,0.1%,5.5,2.43,0.012,-0.013,0.1° ± 0.5°
1424-418,2021-Oct-08,59495.0,"6.304E-01,-6.485E-01,4.293E-01",Y,0.1%,9.0,2.526,0.012,0.171,0° ± 0.4°
1424-418,2021-Jul-24,59419.0,"8.152E-01,-1.066E+00,5.577E-01",Y,0%,5.5,2.146,0.008,-0.24,-0.3° ± 0.9°
1424-418,2021-Jul-24,59419.0,"8.152E-01,-1.066E+00,5.577E-01",Y,0%,9.0,2.022,0.008,-0.002,0.1° ± 0.4°
1424-418,2021-Jun-01,59366.0,"6.221E-01,-5.155E-01,1.551E-01",Y,0.1%,5.5,2.116,0.013,-0.286,0.5° ± 0.6°
1424-418,2021-Jun-01,59366.0,"6.221E-01,-5.155E-01,1.551E-01",Y,0.1%,9.0,1.868,0.013,-0.219,0.4° ± 0.6°
1424-418,2021-May-01,59335.0,"5.843E-01,-4.420E-01,1.333E-01",Y,0.1%,5.5,2.139,0.013,-0.245,-0.5° ± 0.6°
1424-418,2021-May-01,59335.0,"5.843E-01,-4.420E-01,1.333E-01",Y,0.1%,9.0,1.923,0.013,-0.188,-0.3° ± 0.5°
1424-418,2021-Apr-11,59315.0,"4.972E-01,-2.135E-01,-4.252E-05",Y,0.1%,9.0,1.965,0.009,-0.214,0.6° ± 0.7°
1424-418,2021-Apr-11,59315.0,"4.972E-01,-2.135E-01,-4.252E-05",Y,0.1%,5.5,2.183,0.009,-0.214,0.5° ± 0.6°
1424-418,2021-Feb-08,59253.0,"3.418E-01,2.856E-01,-3.312E-01",Y,0%,5.5,2.353,0.034,-0.205,0.3° ± 0.8°
1424-418,2021-Feb-08,59253.0,"3.418E-01,2.856E-01,-3.312E-01",Y,0%,9.0,2.055,0.034,-0.346,0.1° ± 0.5°
1424-418,2021-Jan-30,59244.0,"4.285E-01,-8.980E-02,-2.260E-02",Y,0%,5.5,2.237,0.011,-0.123,0.6° ± 0.8°
1424-418,2021-Jan-30,59244.0,"4.285E-01,-8.980E-02,-2.260E-02",Y,0%,9.0,2.1,0.011,-0.133,0.5° ± 0.8°
1424-418,2020-Dec-19,59202.0,"3.248E-01,1.576E-01,-1.715E-01",Y,0%,5.5,2.226,0.012,-0.096,0.4° ± 0.8°
1424-418,2020-Dec-19,59202.0,"3.248E-01,1.576E-01,-1.715E-01",Y,0%,9.0,2.085,0.012,-0.17,1° ± 1.4°
1424-418,2020-Dec-03,59186.0,"5.076E-01,-2.541E-01,5.209E-02",Y,0%,5.5,2.229,0.008,-0.177,0° ± 0.6°
1424-418,2020-Dec-03,59186.0,"5.076E-01,-2.541E-01,5.209E-02",Y,0%,9.0,2.054,0.008,-0.155,-0.2° ± 0.5°
1424-418,2020-Nov-11,59164.0,"6.446E-01,-4.718E-01,9.672E-02",Y,0.1%,5.5,2.23,0.012,-0.329,2.7° ± 3.7°
1424-418,2020-Nov-11,59164.0,"6.446E-01,-4.718E-01,9.672E-02",Y,0.1%,9.0,1.916,0.012,-0.287,3.8° ± 5°
1424-418,2020-Oct-26,59148.0,"6.184E-01,-5.267E-01,1.720E-01",Y,0.1%,9.0,1.872,0.007,-0.198,3.5° ± 4.6°
1424-418,2020-Oct-26,59148.0,"6.184E-01,-5.267E-01,1.720E-01",Y,0.1%,5.5,2.102,0.007,-0.272,2.2° ± 3.3°
1424-418,2020-Sep-19,59111.0,"6.817E-01,-6.024E-01,2.243E-01",Y,0%,5.5,2.284,0.012,-0.27,-0.2° ± 0.2°
1424-418,2020-Sep-19,59111.0,"6.817E-01,-6.024E-01,2.243E-01",Y,0%,9.0,2.047,0.012,-0.174,-0.2° ± 0.2°
1424-418,2020-Sep-14,59106.0,"6.773E-01,-6.894E-01,3.019E-01",Y,0%,9.0,1.969,0.008,-0.113,1.1° ± 1.8°
1424-418,2020-Sep-14,59106.0,"6.773E-01,-6.894E-01,3.019E-01",Y,0%,5.5,2.15,0.008,-0.242,0.7° ± 1.1°
1424-418,2020-Sep-08,59100.0,"6.955E-01,-6.997E-01,2.933E-01",Y,0%,5.5,2.179,0.009,-0.265,0.7° ± 1.2°
1424-418,2020-Sep-08,59100.0,"6.955E-01,-6.997E-01,2.933E-01",Y,0%,9.0,1.972,0.009,-0.14,1.2° ± 1.9°
1424-418,2020-Aug-16,59077.0,"7.846E-01,-7.655E-01,2.611E-01",Y,0.1%,5.5,2.296,0.021,-0.379,-0.6° ± 0.7°
1424-418,2020-Aug-16,59077.0,"7.846E-01,-7.655E-01,2.611E-01",Y,0.1%,9.0,1.958,0.021,-0.267,-0.2° ± 1°
1424-418,2020-Jul-18,59048.0,"7.727E-01,-8.061E-01,3.437E-01",Y,0%,5.5,2.314,0.006,-0.297,0.1° ± 0.5°
1424-418,2020-Jul-18,59048.0,"7.727E-01,-8.061E-01,3.437E-01",Y,0%,9.0,2.072,0.006,-0.15,0.3° ± 0.5°
1424-418,2020-Jun-02,59002.0,"6.926E-01,-5.317E-01,1.871E-01",Y,0.2%,5.5,2.521,0.009,-0.255,0.2° ± 0.4°
1424-418,2020-Jun-02,59002.0,"6.926E-01,-5.317E-01,1.871E-01",Y,0.2%,9.0,2.268,0.009,-0.175,0.2° ± 0.3°
1424-418,2020-May-14,58983.0,"8.024E-01,-7.184E-01,2.663E-01",Y,0%,9.0,2.287,0.005,-0.21,1.4° ± 2.3°
1424-418,2020-May-14,58983.0,"8.024E-01,-7.184E-01,2.663E-01",Y,0%,5.5,2.609,0.005,-0.324,0.9° ± 1.2°
1424-418,2020-Apr-19,58958.0,"7.523E-01,-6.414E-01,2.579E-01",Y,0.1%,5.5,2.623,0.009,-0.26,2.4° ± 3.2°
1424-418,2020-Apr-19,58958.0,"7.523E-01,-6.414E-01,2.579E-01",Y,0.1%,9.0,2.372,0.009,-0.149,3.4° ± 4.3°
1424-418,2020-Apr-03,58942.0,"7.529E-01,-5.536E-01,1.644E-01",Y,0.1%,5.5,2.711,0.012,-0.31,-0.2° ± 0.7°
1424-418,2020-Apr-03,58942.0,"7.529E-01,-5.536E-01,1.644E-01",Y,0.1%,9.0,2.368,0.012,-0.24,0.1° ± 0.4°
1424-418,2020-Mar-26,58934.0,"7.306E-01,-4.774E-01,1.335E-01",Y,0%,5.5,2.821,0.007,-0.28,-0.2° ± 0.7°
1424-418,2020-Mar-26,58934.0,"7.306E-01,-4.774E-01,1.335E-01",Y,0%,9.0,2.492,0.007,-0.223,0.1° ± 0.4°
1424-418,2020-Mar-15,58923.0,"7.566E-01,-6.310E-01,2.314E-01",Y,0.1%,5.5,2.608,0.008,-0.288,2.3° ± 3.2°
1424-418,2020-Mar-15,58923.0,"7.566E-01,-6.310E-01,2.314E-01",Y,0.1%,9.0,2.318,0.008,-0.189,3° ± 4.1°
1424-418,2020-Jan-31,58879.0,"7.235E-01,-4.064E-01,1.046E-01",Y,0%,5.5,3.02,0.01,-0.252,1.7° ± 2.4°
1424-418,2020-Jan-31,58879.0,"7.235E-01,-4.064E-01,1.046E-01",Y,0%,9.0,2.697,0.01,-0.207,2.7° ± 3.5°
1424-418,2019-Dec-12,58829.0,"6.351E-01,-1.415E-01,-3.879E-02",Y,0%,5.5,3.229,0.012,-0.199,0.8° ± 1.3°
1424-418,2019-Dec-12,58829.0,"6.351E-01,-1.415E-01,-3.879E-02",Y,0%,9.0,2.916,0.012,-0.216,1.4° ± 2.1°
1424-418,2019-Oct-27,58783.0,"7.601E-01,-3.001E-01,3.849E-02",Y,0%,5.5,3.623,0.018,-0.243,0.3° ± 0.4°
1424-418,2019-Oct-27,58783.0,"7.601E-01,-3.001E-01,3.849E-02",Y,0%,9.0,3.227,0.018,-0.227,0.3° ± 0.4°
1424-418,2019-Oct-04,58760.0,"7.758E-01,-3.152E-01,6.404E-02",Y,0%,5.5,3.78,0.006,-0.22,0.1° ± 0.5°
1424-418,2019-Oct-04,58760.0,"7.758E-01,-3.152E-01,6.404E-02",Y,0%,9.0,3.415,0.006,-0.193,0.1° ± 0.3°
1424-418,2019-Sep-10,58736.0,"6.671E-01,-4.121E-02,-8.227E-02",Y,0%,5.5,3.904,0.021,-0.163,1.1° ± 1.6°
1424-418,2019-Sep-10,58736.0,"6.671E-01,-4.121E-02,-8.227E-02",Y,0%,9.0,3.572,0.021,-0.198,1.8° ± 2.4°
1424-418,2019-May-24,58627.0,"6.347E-01,2.855E-01,-2.521E-01",Y,0%,9.0,4.76,0.016,-0.196,1.7° ± 2.1°
1424-418,2019-May-24,58627.0,"6.347E-01,2.855E-01,-2.521E-01",Y,0%,5.5,5.104,0.016,-0.088,1.3° ± 1.7°
1424-418,2019-Apr-28,58601.0,"4.174E-01,7.366E-01,-4.715E-01",Y,0%,5.5,5.062,0.028,0.038,-0.1° ± 0.3°
1424-418,2019-Apr-28,58601.0,"4.174E-01,7.366E-01,-4.715E-01",Y,0%,9.0,4.909,0.028,-0.163,0° ± 0.2°
1424-418,2019-Mar-20,58562.0,"6.605E-01,2.194E-01,-1.994E-01",Y,0%,5.5,5.172,0.024,-0.076,0.8° ± 1.1°
1424-418,2019-Mar-20,58562.0,"6.605E-01,2.194E-01,-1.994E-01",Y,0%,9.0,4.879,0.024,-0.161,1.3° ± 1.7°
1424-418,2019-Jan-07,58490.0,"7.085E-01,2.680E-01,-1.864E-01",Y,0%,5.5,6.379,0.029,-0.008,0.4° ± 0.7°
1424-418,2019-Jan-07,58490.0,"7.085E-01,2.680E-01,-1.864E-01",Y,0%,9.0,6.23,0.029,-0.088,0.7° ± 1°
1424-418,2018-Nov-05,58427.0,"8.030E-01,-8.937E-02,7.655E-02",Y,0%,5.5,6.009,0.022,0.024,0.2° ± 0.3°
1424-418,2018-Nov-05,58427.0,"8.030E-01,-8.937E-02,7.655E-02",Y,0%,9.0,6.129,0.022,0.057,0.3° ± 0.4°
1424-418,2018-Oct-22,58413.0,"6.906E-01,8.309E-02,-7.127E-03",Y,0%,5.5,5.6,0.014,0.073,1.2° ± 1.6°
1424-418,2018-Oct-22,58413.0,"6.906E-01,8.309E-02,-7.127E-03",Y,0%,9.0,5.8,0.014,0.069,1.4° ± 1.7°
1424-418,2018-Oct-20,58411.0,"4.712E-01,6.367E-01,-3.172E-01",Y,0%,5.5,5.871,0.028,0.167,0.2° ± 0.3°
1424-418,2018-Oct-20,58411.0,"4.712E-01,6.367E-01,-3.172E-01",Y,0%,9.0,6.165,0.028,0.031,0.3° ± 0.4°
1424-418,2018-Oct-18,58409.0,"6.679E-01,2.053E-01,-9.489E-02",Y,0%,5.5,5.86,0.028,0.065,0.1° ± 0.2°
1424-418,2018-Oct-18,58409.0,"6.679E-01,2.053E-01,-9.489E-02",Y,0%,9.0,5.99,0.028,0.024,0.2° ± 0.2°
1424-418,2018-Oct-15,58406.0,"6.073E-01,4.113E-01,-2.268E-01",Y,0%,5.5,6.13,0.02,0.075,0.2° ± 0.2°
1424-418,2018-Oct-15,58406.0,"6.073E-01,4.113E-01,-2.268E-01",Y,0%,9.0,6.212,0.02,-0.022,0.2° ± 0.2°
1424-418,2018-Apr-21,58229.0,"7.572E-01,-5.638E-02,8.847E-02",Y,0%,9.0,6.081,0.009,0.112,0.1° ± 0.2°
1424-418,2018-Apr-21,58229.0,"7.572E-01,-5.638E-02,8.847E-02",Y,0%,5.5,5.807,0.009,0.075,0.1° ± 0.3°
1424-418,2017-Jun-12,57916.0,"5.854E-01,1.196E-01,-2.413E-02",Y,0%,5.5,4.578,0.009,0.084,0.1° ± 0.4°
1424-418,2017-Jun-12,57916.0,"5.854E-01,1.196E-01,-2.413E-02",Y,0%,9.0,4.759,0.009,0.074,0.1° ± 0.2°
1424-418,2016-Jan-27,57414.0,"5.906E-01,4.506E-02,9.840E-02",Y,0%,5.5,4.763,0.026,0.191,0.2° ± 0.3°
1424-418,2016-Jan-27,57414.0,"5.906E-01,4.506E-02,9.840E-02",Y,0%,9.0,5.287,0.026,0.233,0.2° ± 0.3°
1424-418,2015-Oct-03,57298.0,"7.579E-01,-2.384E-01,1.159E-01",Y,0%,5.5,4.415,0.013,-0.067,0.2° ± 0.2°
1424-418,2015-Oct-03,57298.0,"7.579E-01,-2.384E-01,1.159E-01",Y,0%,9.0,4.325,0.013,-0.017,0.2° ± 0.3°
1424-418,2014-Apr-22,56769.0,"4.455E-01,9.258E-01,-4.545E-01",Y,0%,5.5,7.617,0.019,0.253,0.2° ± 0.3°
1424-418,2014-Apr-22,56769.0,"4.455E-01,9.258E-01,-4.545E-01",Y,0%,9.0,8.224,0.019,0.058,0.3° ± 0.4°
1424-418,2014-Apr-07,56754.0,"5.811E-01,6.146E-01,-2.715E-01",Y,0%,5.5,7.714,0.017,0.213,0° ± 0.2°
1424-418,2014-Apr-07,56754.0,"5.811E-01,6.146E-01,-2.715E-01",Y,0%,9.0,8.324,0.017,0.096,-0.1° ± 0.1°
1424-418,2014-Mar-25,56741.0,"5.245E-01,7.405E-01,-3.725E-01",Y,0%,5.5,7.389,0.018,0.189,0° ± 0.1°
1424-418,2014-Mar-25,56741.0,"5.245E-01,7.405E-01,-3.725E-01",Y,0%,9.0,7.797,0.018,0.03,0.1° ± 0.1°
1424-418,2013-Dec-10,56636.0,"5.743E-01,3.253E-01,-4.388E-02",Y,0%,9.0,6.995,0.014,0.242,0.3° ± 0.5°
1424-418,2013-Dec-10,56636.0,"5.743E-01,3.253E-01,-4.388E-02",Y,0%,5.5,6.181,0.014,0.26,0.2° ± 0.4°
1424-418,2013-Sep-11,56546.0,"5.657E-01,3.647E-01,3.670E-04",Y,0%,9.0,8.204,0.029,0.365,0.1° ± 0.1°
1424-418,2013-Sep-11,56546.0,"5.657E-01,3.647E-01,3.670E-04",Y,0%,5.5,6.853,0.029,0.365,0.1° ± 0.2°
1424-418,2013-Aug-20,56524.0,"6.043E-01,3.157E-01",Y,0%,5.5,6.887,0.045,0.316,0.1° ± 0.1°
1424-418,2013-Aug-20,56524.0,"6.043E-01,3.157E-01",Y,0%,9.0,8.046,0.045,0.316,0° ± 0.1°
1424-418,2013-May-10,56422.0,"3.404E-01,5.810E-01",Y,0%,5.5,5.896,0.137,0.581,0.5° ± 0.7°
1424-418,2013-May-10,56422.0,"3.404E-01,5.810E-01",Y,0%,9.0,7.849,0.137,0.581,0.7° ± 0.9°
1424-418,2013-Apr-16,56398.0,"2.831E-01,7.088E-01",Y,0%,5.5,6.425,0.259,0.709,0° ± 0.2°
1424-418,2013-Apr-16,56398.0,"2.831E-01,7.088E-01",Y,0%,9.0,9.109,0.259,0.709,0.1° ± 0.6°
1424-418,2012-Nov-03,56234.0,"2.472E-01,4.472E-01,3.189E-02",Y,0.3%,5.5,3.942,0.015,0.494,0° ± 0.1°
1424-418,2012-Nov-03,56234.0,"2.472E-01,4.472E-01,3.189E-02",Y,0.3%,9.0,5.046,0.015,0.508,0° ± 0.2°
1424-418,2012-Aug-26,56165.0,"2.937E-01,3.110E-01,1.205E-01",Y,0%,5.5,3.89,0.034,0.489,1.3° ± 1.7°
1424-418,2012-Aug-26,56165.0,"2.937E-01,3.110E-01,1.205E-01",Y,0%,9.0,5.014,0.034,0.541,1.6° ± 1.9°
1424-418,2012-Jul-20,56128.0,"3.538E-01,7.770E-02,2.350E-01",Y,0.1%,5.5,3.468,0.018,0.426,0.3° ± 0.4°
1424-418,2012-Jul-20,56128.0,"3.538E-01,7.770E-02,2.350E-01",Y,0.1%,9.0,4.385,0.018,0.526,0.1° ± 0.3°
1424-418,2012-Apr-22,56039.0,"5.913E-01,-5.277E-01,5.088E-01",Y,0.1%,5.5,3.016,0.013,0.226,0.3° ± 0.5°
1424-418,2012-Apr-22,56039.0,"5.913E-01,-5.277E-01,5.088E-01",Y,0.1%,9.0,3.557,0.013,0.443,0.3° ± 0.4°
1424-418,2012-Mar-17,56003.0,"2.333E-01,1.536E-01,1.628E-01",Y,0%,5.5,2.731,0.013,0.395,-0.2° ± 0.7°
1424-418,2012-Mar-17,56003.0,"2.333E-01,1.536E-01,1.628E-01",Y,0%,9.0,3.374,0.013,0.464,0.1° ± 0.3°
1424-418,2012-Feb-13,55970.0,"3.421E-01,2.398E-02,2.229E-01",Y,0.1%,5.5,3.034,0.034,0.354,0.7° ± 0.8°
1424-418,2012-Feb-13,55970.0,"3.421E-01,2.398E-02,2.229E-01",Y,0.1%,9.0,3.698,0.034,0.449,0.8° ± 0.9°
1424-418,2012-Jan-15,55941.0,"2.933E-01,-8.041E-03,2.466E-01",Y,0%,5.5,2.646,0.02,0.357,0.7° ± 1.1°
1424-418,2012-Jan-15,55941.0,"2.933E-01,-8.041E-03,2.466E-01",Y,0%,9.0,3.237,0.02,0.463,1.1° ± 1.4°
1424-418,2011-Nov-27,55892.0,"4.264E-01,-2.619E-01,3.174E-01",Y,0.1%,5.5,2.55,0.02,0.208,0.9° ± 1°
1424-418,2011-Nov-27,55892.0,"4.264E-01,-2.619E-01,3.174E-01",Y,0.1%,9.0,2.921,0.02,0.344,1.3° ± 1.8°
1424-418,2011-Oct-14,55848.0,"4.804E-01,-3.181E-01,3.526E-01",Y,0.1%,5.5,2.743,0.013,0.204,0.3° ± 0.5°
1424-418,2011-Oct-14,55848.0,"4.804E-01,-3.181E-01,3.526E-01",Y,0.1%,9.0,3.147,0.013,0.355,0.2° ± 0.3°
1424-418,2011-May-17,55698.0,"3.607E-01,-2.265E-02,6.971E-02",Y,0.1%,5.5,2.411,0.02,0.081,0.1° ± 0.3°
1424-418,2011-May-17,55698.0,"3.607E-01,-2.265E-02,6.971E-02",Y,0.1%,9.0,2.527,0.02,0.11,0° ± 0.3°
1424-418,2011-May-05,55686.0,"3.092E-01,1.261E-01,-1.386E-02",Y,0.1%,5.5,2.483,0.016,0.106,0.4° ± 0.8°
1424-418,2011-May-05,55686.0,"3.092E-01,1.261E-01,-1.386E-02",Y,0.1%,9.0,2.612,0.016,0.1,0.8° ± 1.1°
1424-418,2009-Sep-08,55082.0,"8.489E-01,-1.136E+00,5.336E-01",Y,0.2%,5.5,1.997,0.016,-0.346,0.9° ± 0.9°
1424-418,2009-Sep-08,55082.0,"8.489E-01,-1.136E+00,5.336E-01",Y,0.2%,9.0,1.781,0.016,-0.118,0.4° ± 2.1°
1424-418,2009-Jun-26,55008.0,"6.399E-01,-6.221E-01,2.593E-01",Y,0.1%,5.5,2.096,0.022,-0.238,0.4° ± 0.6°
1424-418,2009-Jun-26,55008.0,"6.399E-01,-6.221E-01,2.593E-01",Y,0.1%,9.0,1.916,0.022,-0.127,0.3° ± 0.6°
1424-418,2009-May-18,54969.0,"6.402E-01,-5.248E-01,1.676E-01",Y,0.2%,5.5,2.206,0.009,-0.277,0.1° ± 0.5°
1424-418,2009-May-18,54969.0,"6.402E-01,-5.248E-01,1.676E-01",Y,0.2%,9.0,1.959,0.009,-0.205,0.1° ± 0.5°
1424-418,2009-Apr-24,54945.0,"5.157E-01,-2.479E-01",Y,0.1%,5.5,2.149,0.013,-0.248,0.4° ± 0.5°
1424-418,2009-Apr-24,54945.0,"5.157E-01,-2.479E-01",Y,0.1%,9.0,1.902,0.013,-0.248,0.2° ± 0.6°
1424-418,2009-Feb-15,54877.0,"5.194E-01,-2.277E-01",Y,0%,4.8,2.314,0.004,-0.228,0.5° ± 1°
1424-418,2009-Feb-15,54877.0,"5.194E-01,-2.277E-01",Y,0%,8.64,2.024,0.004,-0.228,0.4° ± 0.9°
1424-418,2009-Jan-21,54852.0,"1.479E+00,-2.441E+00,1.119E+00",Y,0.1%,4.8,2.165,0.01,-0.916,0.9° ± 1.4°
1424-418,2009-Jan-21,54852.0,"1.479E+00,-2.441E+00,1.119E+00",Y,0.1%,8.64,1.494,0.01,-0.345,1.9° ± 3.2°
1424-418,2008-Dec-16,54816.0,"7.721E-01,-7.994E-01,3.551E-01",Y,0%,4.8,2.468,0.004,-0.316,0.1° ± 0.9°
1424-418,2008-Dec-16,54816.0,"7.721E-01,-7.994E-01,3.551E-01",Y,0%,8.64,2.162,0.004,-0.134,0.2° ± 1.3°
1424-418,2008-Oct-13,54752.0,"2.265E-01,5.353E-01,-4.533E-01",Y,3.1%,4.8,2.403,0.003,-0.082,2° ± 2.8°
1424-418,2008-Oct-13,54752.0,"2.265E-01,5.353E-01,-4.533E-01",Y,3.1%,8.64,2.139,0.003,-0.314,2.9° ± 3.8°
1424-418,2008-May-28,54614.0,"1.182E+00,-1.792E+00,1.043E+00",Y,0%,8.64,2.621,0.004,0.162,0.2° ± 0.6°
1424-418,2008-May-28,54614.0,"1.182E+00,-1.792E+00,1.043E+00",Y,0%,4.8,2.788,0.004,-0.371,0.4° ± 0.9°
1424-418,2008-Mar-14,54539.0,"4.647E-01,-1.028E-01",Y,0%,4.8,2.481,0.005,-0.103,1.2° ± 1.7°
1424-418,2008-Mar-14,54539.0,"4.647E-01,-1.028E-01",Y,0%,8.64,2.336,0.005,-0.103,1.8° ± 3.1°
1424-418,2008-Jan-11,54476.0,"-2.255E-01,1.803E+00,-1.258E+00",Y,0%,4.8,2.624,0.01,0.089,1.4° ± 1.9°
1424-418,2008-Jan-11,54476.0,"-2.255E-01,1.803E+00,-1.258E+00",Y,0%,8.64,2.289,0.01,-0.553,2.6° ± 3.4°
1424-418,2007-Nov-01,54405.0,"7.738E-01,-7.060E-01,3.099E-01",Y,0%,4.8,2.733,0.006,-0.284,0.3° ± 1.1°
1424-418,2007-Nov-01,54405.0,"7.738E-01,-7.060E-01,3.099E-01",Y,0%,8.64,2.423,0.006,-0.126,1.2° ± 2°
1424-418,2005-Aug-16,53598.0,"4.785E-01,7.254E-02",Y,0%,4.8,3.372,0.003,0.073,0.1° ± 0.6°
1424-418,2005-Aug-16,53598.0,"4.785E-01,7.254E-02",Y,0%,8.64,3.519,0.003,0.073,0.1° ± 0.4°
1424-418,2005-May-04,53494.0,"1.278E-01,9.387E-01,-5.339E-01",Y,0%,4.8,3.308,0.004,0.211,0.2° ± 0.8°
1424-418,2005-May-04,53494.0,"1.278E-01,9.387E-01,-5.339E-01",Y,0%,8.64,3.457,0.004,-0.061,0.2° ± 0.4°
1424-418,2004-Jan-18,53022.0,"1.844E-01,3.865E-01",Y,0%,4.8,2.803,0.005,0.387,2° ± 2.7°
1424-418,2004-Jan-18,53022.0,"1.844E-01,3.865E-01",Y,0%,8.64,3.519,0.005,0.387,2.3° ± 2.8°
1424-418,2021-Aug-02,59428.0,"5.866E-01,-7.259E-01,7.004E-01",Y,0.4%,2.1,2.663,0.144,-0.275,0.5° ± 0.8°
1424-418,2021-Jun-06,59371.0,"5.262E-01,-4.359E-01,2.695E-01",Y,0.2%,2.1,2.593,0.071,-0.262,-0.7° ± 1.1°
1424-418,2020-Apr-13,58952.0,"6.540E-01,-3.857E-01,9.386E-02",Y,0.1%,2.1,3.463,0.026,-0.325,0.7° ± 0.7°
1424-418,2018-Jan-22,58140.0,"6.259E-01,6.394E-02,3.901E-01",Y,0%,2.1,4.864,0.051,0.315,0.5° ± 0.6°
1424-418,2016-Jun-06,57545.0,"7.059E-01,-5.711E-01,1.714E+00,-1.584E+00",Y,0.5%,2.1,4.435,0.027,0.04,0.1° ± 0.4°
1424-418,2014-Feb-02,56690.0,"6.300E-01,4.293E-02,3.012E-01",Y,0.1%,2.1,4.733,0.022,0.237,0.3° ± 0.5°
1424-418,2012-Oct-25,56225.0,"5.240E-01,-5.746E-01,1.103E+00,-2.577E-01",Y,0.2%,2.1,2.785,0.03,0.056,0.6° ± 0.8°
1424-418,2009-Sep-02,55076.0,"5.789E-01,-8.375E-01,1.128E+00",Y,0.2%,1.75,2.767,0.043,-0.289,0° ± 2.5°
1424-418,2008-Nov-13,54783.0,"8.776E-01,-5.066E+00,2.053E+01,-2.662E+01",Y,0.1%,1.384,3.138,0.032,-0.862,-1.2° ± 2.2°
1424-418,2008-Nov-13,54783.0,"8.776E-01,-5.066E+00,2.053E+01,-2.662E+01",Y,0.1%,2.368,2.895,0.032,-0.887,-0.5° ± 1.1°
1424-418,2007-Nov-29,54433.0,"5.484E-01,-1.765E-01",Y,0.1%,1.384,3.338,0.024,-0.176,-0.1° ± 4.1°
1424-418,2007-Nov-29,54433.0,"5.484E-01,-1.765E-01",Y,0.1%,2.368,3.036,0.024,-0.176,0.6° ± 1.2°
1424-418,1995-Feb-10,49758.0,"5.848E-01,-3.161E-01",Y,0.1%,1.38,3.472,0.034,-0.316,-0.1° ± 3.6°
1424-418,1995-Feb-10,49758.0,"5.848E-01,-3.161E-01",Y,0.1%,2.378,2.923,0.034,-0.316,-0.8° ± 1.2°
1424-418,1995-Jan-08,49725.0,"6.025E-01,-3.169E-01",Y,0.1%,2.378,3.043,0.02,-0.317,0.8° ± 1.3°
1424-418,1995-Jan-08,49725.0,"6.025E-01,-3.169E-01",Y,0.1%,1.38,3.616,0.02,-0.317,0.3° ± 1.4°
